Custom table,Dataflow,Dataflow name,Timespan,Last update of data,Downloaded at,Source,Source URL,Download URL,About Effective exchange rates
,"BIS,WS_EER,1.0",Effective exchange rates,1994-01-31 - 2026-08-31,2026-09-24,2026-09-26 14:11 CEST,BIS,https://data.bis.org/topics/EER/data?data_view=table&rows=REF_AREA&cols=TIME_PERIOD&settings=asc%7Cdesc%7Cname&filter=FREQ%3DM%255EEER_BASKET%3DB%255EEER_TYPE%3DN%255ELAST_N_PERIODS%3D661%255EREF_AREA_TXT%3DAustria%257CBelgium%257CBulgaria%257CCroatia%257CCyprus%257CEstonia%257CEuro%2520area%257CFinland%257CFrance%257CGermany%257CGreece%257CIreland%257CItaly%257CLatvia%257CLithuania%257CLuxembourg%257CMalta%257CNetherlands%257CPortugal%257CSlovakia%257CSlovenia%257CSpain%257CHungary,https://data.bis.org/api/export-timeseries?data_view=table&rows=REF_AREA&cols=TIME_PERIOD&settings=asc%7Cdesc%7Cname&filter=FREQ%3DM%255EEER_BASKET%3DB%255EEER_TYPE%3DN%255ELAST_N_PERIODS%3D661%255EREF_AREA_TXT%3DAustria%257CBelgium%257CBulgaria%257CCroatia%257CCyprus%257CEstonia%257CEuro%2520area%257CFinland%257CFrance%257CGermany%257CGreece%257CIreland%257CItaly%257CLatvia%257CLithuania%257CLuxembourg%257CMalta%257CNetherlands%257CPortugal%257CSlovakia%257CSlovenia%257CSpain%257CHungary&file_format=csv&format=long&split_frequencies=false&transposed=false&include=code%2Clabel,https://data.bis.org/topics/EER

Reference area,2026-08-31,2026-07-31,2026-06-30,2026-05-31,2026-04-30,2026-03-31,2026-02-28,2026-01-31,2025-12-31,2025-11-30,2025-10-31,2025-09-30,2025-08-31,2025-07-31,2025-06-30,2025-05-31,2025-04-30,2025-03-31,2025-02-28,2025-01-31,2024-12-31,2024-11-30,2024-10-31,2024-09-30,2024-08-31,2024-07-31,2024-06-30,2024-05-31,2024-04-30,2024-03-31,2024-02-29,2024-01-31,2023-12-31,2023-11-30,2023-10-31,2023-09-30,2023-08-31,2023-07-31,2023-06-30,2023-05-31,2023-04-30,2023-03-31,2023-02-28,2023-01-31,2022-12-31,2022-11-30,2022-10-31,2022-09-30,2022-08-31,2022-07-31,2022-06-30,2022-05-31,2022-04-30,2022-03-31,2022-02-28,2022-01-31,2021-12-31,2021-11-30,2021-10-31,2021-09-30,2021-08-31,2021-07-31,2021-06-30,2021-05-31,2021-04-30,2021-03-31,2021-02-28,2021-01-31,2020-12-31,2020-11-30,2020-10-31,2020-09-30,2020-08-31,2020-07-31,2020-06-30,2020-05-31,2020-04-30,2020-03-31,2020-02-29,2020-01-31,2019-12-31,2019-11-30,2019-10-31,2019-09-30,2019-08-31,2019-07-31,2019-06-30,2019-05-31,2019-04-30,2019-03-31,2019-02-28,2019-01-31,2018-12-31,2018-11-30,2018-10-31,2018-09-30,2018-08-31,2018-07-31,2018-06-30,2018-05-31,2018-04-30,2018-03-31,2018-02-28,2018-01-31,2017-12-31,2017-11-30,2017-10-31,2017-09-30,2017-08-31,2017-07-31,2017-06-30,2017-05-31,2017-04-30,2017-03-31,2017-02-28,2017-01-31,2016-12-31,2016-11-30,2016-10-31,2016-09-30,2016-08-31,2016-07-31,2016-06-30,2016-05-31,2016-04-30,2016-03-31,2016-02-29,2016-01-31,2015-12-31,2015-11-30,2015-10-31,2015-09-30,2015-08-31,2015-07-31,2015-06-30,2015-05-31,2015-04-30,2015-03-31,2015-02-28,2015-01-31,2014-12-31,2014-11-30,2014-10-31,2014-09-30,2014-08-31,2014-07-31,2014-06-30,2014-05-31,2014-04-30,2014-03-31,2014-02-28,2014-01-31,2013-12-31,2013-11-30,2013-10-31,2013-09-30,2013-08-31,2013-07-31,2013-06-30,2013-05-31,2013-04-30,2013-03-31,2013-02-28,2013-01-31,2012-12-31,2012-11-30,2012-10-31,2012-09-30,2012-08-31,2012-07-31,2012-06-30,2012-05-31,2012-04-30,2012-03-31,2012-02-29,2012-01-31,2011-12-31,2011-11-30,2011-10-31,2011-09-30,2011-08-31,2011-07-31,2011-06-30,2011-05-31,2011-04-30,2011-03-31,2011-02-28,2011-01-31,2010-12-31,2010-11-30,2010-10-31,2010-09-30,2010-08-31,2010-07-31,2010-06-30,2010-05-31,2010-04-30,2010-03-31,2010-02-28,2010-01-31,2009-12-31,2009-11-30,2009-10-31,2009-09-30,2009-08-31,2009-07-31,2009-06-30,2009-05-31,2009-04-30,2009-03-31,2009-02-28,2009-01-31,2008-12-31,2008-11-30,2008-10-31,2008-09-30,2008-08-31,2008-07-31,2008-06-30,2008-05-31,2008-04-30,2008-03-31,2008-02-29,2008-01-31,2007-12-31,2007-11-30,2007-10-31,2007-09-30,2007-08-31,2007-07-31,2007-06-30,2007-05-31,2007-04-30,2007-03-31,2007-02-28,2007-01-31,2006-12-31,2006-11-30,2006-10-31,2006-09-30,2006-08-31,2006-07-31,2006-06-30,2006-05-31,2006-04-30,2006-03-31,2006-02-28,2006-01-31,2005-12-31,2005-11-30,2005-10-31,2005-09-30,2005-08-31,2005-07-31,2005-06-30,2005-05-31,2005-04-30,2005-03-31,2005-02-28,2005-01-31,2004-12-31,2004-11-30,2004-10-31,2004-09-30,2004-08-31,2004-07-31,2004-06-30,2004-05-31,2004-04-30,2004-03-31,2004-02-29,2004-01-31,2003-12-31,2003-11-30,2003-10-31,2003-09-30,2003-08-31,2003-07-31,2003-06-30,2003-05-31,2003-04-30,2003-03-31,2003-02-28,2003-01-31,2002-12-31,2002-11-30,2002-10-31,2002-09-30,2002-08-31,2002-07-31,2002-06-30,2002-05-31,2002-04-30,2002-03-31,2002-02-28,2002-01-31,2001-12-31,2001-11-30,2001-10-31,2001-09-30,2001-08-31,2001-07-31,2001-06-30,2001-05-31,2001-04-30,2001-03-31,2001-02-28,2001-01-31,2000-12-31,2000-11-30,2000-10-31,2000-09-30,2000-08-31,2000-07-31,2000-06-30,2000-05-31,2000-04-30,2000-03-31,2000-02-29,2000-01-31,1999-12-31,1999-11-30,1999-10-31,1999-09-30,1999-08-31,1999-07-31,1999-06-30,1999-05-31,1999-04-30,1999-03-31,1999-02-28,1999-01-31,1998-12-31,1998-11-30,1998-10-31,1998-09-30,1998-08-31,1998-07-31,1998-06-30,1998-05-31,1998-04-30,1998-03-31,1998-02-28,1998-01-31,1997-12-31,1997-11-30,1997-10-31,1997-09-30,1997-08-31,1997-07-31,1997-06-30,1997-05-31,1997-04-30,1997-03-31,1997-02-28,1997-01-31,1996-12-31,1996-11-30,1996-10-31,1996-09-30,1996-08-31,1996-07-31,1996-06-30,1996-05-31,1996-04-30,1996-03-31,1996-02-29,1996-01-31,1995-12-31,1995-11-30,1995-10-31,1995-09-30,1995-08-31,1995-07-31,1995-06-30,1995-05-31,1995-04-30,1995-03-31,1995-02-28,1995-01-31,1994-12-31,1994-11-30,1994-10-31,1994-09-30,1994-08-31,1994-07-31,1994-06-30,1994-05-31,1994-04-30,1994-03-31,1994-02-28,1994-01-31
Austria,102.2,101.97,101.95,102.14,102.33,102.28,102.44,102.54,102.66,102.49,102.59,102.73,102.7,102.71,102.47,102.15,102.36,101.58,100.92,101.06,101.14,101.34,101.5,101.61,101.67,101.75,101.48,101.56,101.54,101.57,101.23,101.16,101.04,101.2,101.04,101.2,101.26,101.22,100.7,100.35,100.42,100.16,100.07,100.16,100.21,99.9,99.57,99.14,98.99,99.15,99.7,99.52,99.2,99.61,99.62,99.54,99.82,99.79,99.96,100.12,100.11,100.3,100.39,100.6,100.63,100.56,100.35,100.58,100.75,100.47,100.8,100.78,100.66,100.26,100.04,99.73,99.72,99.59,98.51,98.7,98.92,98.9,99.08,99.06,99.27,99.01,99.29,99.21,98.97,99.0,99.13,99.33,99.54,99.57,99.87,100.19,99.83,99.77,99.3,99.32,99.73,99.71,99.6,99.5,99.28,99.14,99.09,99.17,99.11,98.55,97.96,97.72,96.96,97.08,96.95,97.22,97.13,97.43,97.54,97.69,97.6,97.49,97.66,97.85,97.65,97.43,97.83,97.41,96.89,96.24,97.24,97.41,96.92,95.97,96.29,95.86,95.1,95.55,96.64,97.4,98.84,98.59,98.63,98.86,99.47,99.68,99.81,100.12,100.38,100.5,100.11,99.98,99.95,99.43,99.36,99.12,99.1,98.67,98.69,98.08,98.03,97.95,98.44,98.14,97.63,97.14,97.31,97.14,96.42,96.48,97.16,97.35,97.68,97.71,97.65,97.61,98.31,98.88,98.92,98.67,98.75,98.68,99.02,99.05,99.37,98.9,98.41,97.98,98.08,98.8,99.12,98.07,98.05,98.17,97.59,98.17,99.1,99.55,100.01,100.85,101.59,101.93,101.9,101.65,101.36,101.37,101.52,101.12,101.01,101.39,100.79,100.75,100.56,99.0,99.28,99.95,100.36,101.08,101.18,101.42,101.68,101.43,100.67,100.82,100.75,100.81,100.4,100.2,99.93,99.94,99.84,99.95,99.97,99.75,99.61,99.5,99.7,99.46,99.38,99.64,99.67,99.7,99.62,99.39,98.9,98.56,98.25,98.57,98.44,98.48,98.77,98.85,99.01,98.89,98.87,99.74,100.09,100.25,100.01,100.36,100.82,100.52,100.24,99.94,99.87,99.9,99.82,99.85,99.57,100.09,100.75,100.76,100.4,99.49,99.42,98.83,98.88,99.23,99.6,99.29,98.27,98.21,98.02,97.59,96.77,96.45,96.27,96.14,96.13,96.26,95.63,94.8,94.14,94.11,94.09,94.32,94.5,94.41,94.93,94.97,94.68,93.79,93.46,93.97,94.57,94.72,94.64,94.86,93.77,92.71,92.54,92.8,93.35,94.07,94.25,93.35,93.84,94.2,94.64,95.04,94.97,95.5,96.18,95.79,96.08,95.67,95.71,96.25,96.41,96.72,96.97,97.28,97.32,97.06,97.56,97.08,95.74,95.27,95.3,95.1,94.42,94.14,94.31,94.46,94.3,94.13,93.67,93.14,92.39,92.52,93.25,93.58,93.51,93.72,93.7,93.96,94.44,94.87,94.59,94.94,95.31,94.85,94.41,94.25,94.76,95.31,95.59,95.5,95.76,96.01,96.04,95.04,95.08,96.05,95.91,95.94,96.69,96.31,93.84,93.06,92.15,92.13,92.14,91.58,91.5,91.12,90.32,89.81,89.15,89.12,88.21,88.01
Belgium,103.76,103.39,103.48,103.75,103.94,103.72,104.06,104.03,104.18,103.92,104.0,104.21,103.96,103.97,103.43,102.86,103.14,101.9,100.91,101.1,101.27,101.58,101.95,102.23,102.23,102.09,101.81,101.97,101.85,101.96,101.65,101.76,101.66,101.71,101.38,101.56,101.9,101.9,101.11,100.81,100.95,100.24,100.06,99.97,99.72,98.88,98.17,97.86,97.78,97.98,98.76,98.65,98.88,99.73,99.88,99.75,99.9,99.83,100.1,100.44,100.46,100.63,100.9,101.19,100.99,100.76,100.91,101.24,101.42,100.88,101.15,101.21,101.23,100.36,99.87,99.26,99.27,99.42,97.83,98.1,98.25,98.24,98.45,98.44,98.86,98.55,98.9,98.71,98.49,98.57,98.75,99.03,99.28,99.2,99.64,100.17,99.63,99.46,99.02,99.1,99.68,99.61,99.53,99.25,98.87,98.74,98.66,98.78,98.74,97.99,97.21,96.75,95.76,95.96,95.83,96.16,95.98,96.6,96.88,96.99,96.9,96.62,96.76,96.96,96.86,96.52,97.01,96.32,95.64,94.74,96.19,96.44,95.76,94.55,95.04,94.54,93.55,94.02,95.51,96.4,98.22,97.89,97.91,98.21,98.99,99.32,99.54,99.96,100.36,100.54,100.06,99.91,99.94,99.28,99.36,98.95,98.96,98.27,98.26,97.36,97.26,97.15,97.95,97.47,96.84,96.13,96.35,96.1,95.08,95.02,95.95,96.26,96.83,96.91,96.76,96.47,97.48,98.26,98.5,98.34,98.92,98.68,99.1,98.99,99.31,98.51,97.75,97.14,97.06,97.98,98.49,97.01,96.82,96.92,95.96,96.83,98.3,98.93,99.28,100.4,101.32,101.8,101.81,101.44,100.93,100.86,100.86,100.43,100.19,100.55,99.54,100.03,100.09,98.07,98.47,99.62,100.22,101.33,101.15,101.17,101.48,100.98,99.68,99.74,99.52,99.54,98.87,98.54,98.17,98.22,97.93,98.1,98.2,97.95,97.6,97.46,97.83,97.4,97.12,97.41,97.52,97.52,97.47,97.32,96.6,96.16,95.86,96.23,95.97,95.97,96.3,96.5,96.69,96.42,96.35,97.45,97.93,98.31,97.95,98.31,98.85,98.37,97.75,97.27,97.13,97.17,96.99,96.95,96.48,97.16,97.92,97.99,97.56,96.39,96.41,95.63,95.69,96.14,96.75,96.7,95.21,95.18,94.95,94.43,93.34,92.92,92.6,92.44,92.35,92.6,91.86,90.76,89.9,89.71,89.63,89.94,90.06,89.82,90.46,90.4,90.02,88.83,88.43,88.96,89.68,89.93,89.88,90.21,88.68,87.35,87.03,87.48,88.23,89.3,89.52,88.13,88.8,89.36,89.99,90.58,90.6,91.35,92.38,91.92,92.38,91.79,91.8,92.54,92.78,93.29,93.98,94.72,94.9,94.66,95.37,94.61,93.17,92.65,92.62,92.46,91.38,91.2,91.48,91.72,91.53,91.44,90.97,90.27,89.2,89.39,90.54,91.09,91.08,91.42,91.5,92.29,93.16,93.94,93.91,94.62,95.17,94.54,94.12,94.07,94.77,95.48,95.88,95.9,96.32,96.72,96.81,95.49,95.52,96.73,96.7,96.61,97.48,96.89,94.27,93.3,92.39,92.41,92.51,91.98,91.85,91.53,90.58,89.98,89.16,88.99,87.85,86.88
Bulgaria,123.42,122.64,122.37,122.53,122.75,122.54,122.64,122.51,122.43,122.1,122.23,122.37,122.03,121.93,121.29,120.62,120.34,118.98,117.82,117.91,118.1,118.19,118.42,118.51,118.3,117.8,117.41,117.43,117.4,117.55,116.71,116.45,115.86,115.78,115.33,115.27,115.42,115.21,113.09,110.75,110.88,110.05,109.83,109.88,109.67,108.82,108.25,107.67,107.61,107.43,107.83,106.92,106.63,107.68,106.52,106.33,106.64,104.26,102.97,102.48,102.39,102.75,102.92,102.99,102.85,101.93,101.12,101.8,102.32,102.22,102.47,101.86,101.27,100.08,99.58,99.27,99.18,98.46,96.66,96.62,96.71,96.54,96.75,96.65,96.81,96.54,96.96,97.11,96.6,96.32,96.24,96.55,96.6,96.63,97.5,98.45,97.61,96.05,95.46,95.1,95.08,94.75,94.47,94.32,94.07,94.06,93.62,93.43,93.44,93.02,92.35,92.16,91.62,91.71,91.57,91.9,91.48,91.49,91.22,91.17,91.14,91.03,91.12,91.27,90.92,90.73,91.3,91.06,90.32,89.51,90.51,90.87,90.14,88.95,89.28,88.68,87.86,88.4,89.27,89.57,90.61,89.92,89.92,89.99,90.38,90.38,90.44,90.64,91.09,91.49,91.08,90.87,90.43,89.85,89.75,89.62,89.45,88.92,88.93,87.95,87.97,87.96,88.28,88.05,87.8,87.45,87.69,87.54,86.86,86.99,87.56,87.6,87.77,87.78,87.65,87.89,88.52,88.89,88.98,88.65,88.67,88.1,88.06,87.81,87.82,87.69,87.35,86.96,86.93,87.26,87.48,86.68,86.56,86.72,86.11,86.42,87.08,87.62,87.96,88.65,89.53,89.81,89.67,89.45,89.09,89.13,89.36,88.95,88.92,89.64,88.98,88.61,87.71,86.25,86.07,85.71,85.77,86.77,87.04,87.35,87.88,87.54,86.42,86.42,86.12,86.27,85.75,85.83,85.74,85.53,85.6,85.81,85.97,85.99,85.74,85.79,86.07,85.94,85.91,86.23,86.26,86.66,86.8,85.98,84.93,84.58,84.28,84.69,84.57,84.61,84.87,84.91,85.05,84.86,85.04,85.93,86.27,86.23,85.99,86.57,87.24,87.12,86.81,86.5,86.33,86.31,86.37,86.72,85.92,86.19,86.56,86.56,86.6,86.09,85.87,84.93,84.97,85.34,85.9,85.99,85.28,85.21,84.77,84.41,83.44,83.21,83.23,83.09,83.02,83.26,82.06,80.56,79.62,79.65,79.57,79.68,80.41,80.47,81.09,80.83,80.32,79.27,78.64,78.81,79.47,78.73,77.89,77.39,76.57,75.29,75.08,75.3,75.68,76.0,75.97,75.12,75.47,75.68,75.95,76.21,75.89,76.04,76.34,75.77,75.76,75.2,75.12,75.31,75.44,75.37,75.29,75.45,75.03,73.9,74.06,72.78,68.48,67.64,67.78,67.69,66.9,66.03,65.82,65.73,65.53,65.2,64.51,63.89,63.07,63.31,65.92,70.97,70.35,65.05,44.49,145.74,214.35,341.28,432.74,427.5,494.18,528.75,669.82,802.4,1161.12,1197.22,1244.66,1269.13,1296.0,1275.04,1276.99,1298.48,1290.3,1290.67,1300.81,1319.94,1308.73,1313.67,1330.79,1318.81,1349.18,1324.7,1324.65,1374.68,1527.1,1565.05,1576.41,1554.57,1581.44,1800.19,2306.21,2308.95
Croatia,104.49,104.26,104.1,104.23,104.62,104.7,104.61,104.67,104.69,104.62,104.75,104.87,104.87,104.86,104.74,104.53,104.47,104.0,103.64,103.86,103.98,104.02,104.01,103.96,103.96,103.83,103.7,103.67,103.71,103.81,103.48,103.37,103.14,103.28,103.31,103.4,103.35,103.22,102.59,102.13,102.37,102.21,102.15,102.27,102.2,101.96,102.1,101.77,101.79,101.77,101.78,101.34,100.81,101.13,101.02,101.1,101.47,101.04,100.9,101.05,101.0,101.1,101.09,100.91,100.54,100.16,99.91,100.24,100.7,100.35,100.43,100.68,100.82,100.26,99.54,99.39,99.2,99.16,99.68,99.8,99.93,99.94,100.11,100.6,100.83,100.55,100.49,100.34,99.95,99.97,100.13,100.08,100.55,100.24,100.58,100.82,100.54,100.61,100.46,100.12,99.83,99.55,99.41,99.41,97.91,97.73,98.21,98.79,99.54,99.2,98.91,98.57,98.02,98.38,97.97,97.09,96.92,97.27,97.41,97.58,97.75,97.66,97.38,97.77,97.62,96.63,96.02,95.48,95.21,95.09,95.52,96.11,96.15,95.1,95.46,95.23,94.18,93.98,93.89,94.51,95.62,95.19,95.31,95.84,96.04,96.28,96.76,96.66,96.53,96.32,96.08,96.08,95.97,95.59,95.72,95.83,96.55,96.56,96.8,95.17,94.75,94.93,95.31,95.29,95.47,94.98,95.51,96.56,95.25,95.13,95.16,95.3,96.01,95.53,94.88,95.28,96.27,97.0,97.06,96.73,97.28,97.42,97.88,97.79,98.58,97.95,97.23,97.15,97.38,97.99,99.01,98.53,99.12,99.66,99.0,98.82,99.58,99.96,99.75,100.54,101.21,101.39,102.05,100.86,100.3,100.29,100.97,99.85,98.84,98.89,98.5,99.3,100.79,100.65,100.29,101.19,100.49,100.73,100.69,100.89,101.05,100.95,100.14,99.57,99.41,99.27,99.01,99.14,98.97,99.23,98.69,98.84,97.91,98.23,98.12,97.93,98.29,98.26,97.71,97.98,99.45,100.06,99.97,99.53,98.55,98.01,97.87,97.35,97.09,97.25,97.43,96.73,97.76,98.48,98.42,98.97,98.35,97.54,96.56,96.42,96.67,96.48,96.57,97.71,98.54,98.41,98.34,97.92,96.33,97.07,95.45,94.8,94.84,94.84,95.05,95.79,95.71,96.03,95.84,95.64,94.87,93.22,93.87,94.58,95.23,94.52,94.54,95.78,95.39,95.51,95.45,94.31,93.62,93.52,92.53,91.98,93.81,93.59,93.43,92.51,92.55,95.99,93.99,94.05,91.32,90.11,89.75,90.76,90.64,89.63,89.84,90.0,89.74,89.71,89.3,88.34,88.09,88.02,88.28,88.54,89.37,89.93,90.43,90.22,90.8,90.29,90.5,90.79,90.78,90.92,92.54,94.32,94.52,94.35,94.84,95.91,95.36,94.01,94.23,94.93,95.63,96.33,96.69,96.96,96.62,96.41,95.54,94.81,93.94,93.95,94.4,94.38,94.46,94.63,94.77,94.75,95.19,95.62,95.22,95.93,96.54,95.46,94.49,93.41,92.86,93.1,93.17,93.29,93.35,93.48,93.46,92.8,94.95,96.6,96.89,97.25,97.98,96.86,93.22,92.21,91.0,90.56,89.35,88.21,87.96,87.28,85.89,85.46,85.97,86.76,84.09,82.26
Cyprus,111.31,111.01,110.98,111.13,111.45,111.28,111.68,111.64,111.82,111.54,111.57,111.77,111.54,111.42,110.92,110.36,110.73,109.24,107.9,108.01,108.1,108.49,108.95,109.21,109.18,108.85,108.59,108.68,108.58,108.5,108.03,108.19,107.89,108.05,107.74,107.6,107.85,107.73,106.46,105.4,105.42,104.59,104.31,104.07,103.83,103.15,102.51,102.07,101.63,101.88,102.56,102.0,101.63,102.21,102.18,101.9,102.04,101.01,100.81,100.87,100.85,101.14,101.45,101.61,101.26,100.82,100.62,101.07,101.48,101.2,101.47,101.4,101.26,100.3,99.85,99.28,99.19,99.24,97.54,97.79,97.92,97.75,98.16,98.15,98.68,98.23,98.69,98.57,97.94,97.83,97.91,98.39,98.64,98.52,99.29,100.08,99.37,98.47,97.62,97.51,97.98,97.78,97.74,97.23,96.89,96.85,96.82,96.92,96.96,96.09,95.08,94.53,93.56,93.75,93.65,94.31,93.86,94.34,94.57,94.43,94.44,94.36,94.34,94.41,94.32,94.14,94.57,93.99,93.3,92.52,93.72,93.97,93.38,92.39,92.88,92.5,91.74,92.28,93.46,94.45,95.99,95.67,95.43,95.53,95.98,96.11,96.37,96.82,97.2,97.37,96.98,96.86,96.98,96.4,96.52,96.18,96.22,95.72,95.77,94.88,94.82,94.78,95.48,94.98,94.46,94.01,94.27,94.21,93.3,93.22,93.98,94.15,94.63,94.78,94.64,94.56,95.45,96.05,96.34,96.22,96.5,95.84,96.12,96.03,96.2,95.77,95.16,94.41,94.37,95.24,95.73,94.33,94.14,94.39,93.36,94.04,95.46,96.3,96.62,97.75,99.01,99.49,99.45,99.22,98.78,98.72,98.76,98.36,98.41,99.2,97.94,97.98,97.84,95.78,95.71,96.23,96.59,97.64,97.49,97.6,97.96,97.18,95.53,95.67,95.5,95.55,94.73,94.36,93.95,93.96,93.86,94.17,94.47,94.46,94.1,94.11,94.56,94.22,94.16,94.48,94.78,95.01,95.02,94.57,93.66,93.4,93.22,93.82,93.74,93.76,94.22,94.34,94.47,94.15,93.75,94.34,94.13,94.5,94.2,94.99,96.16,95.93,95.73,94.91,94.5,93.98,93.62,93.14,92.2,93.13,94.11,94.25,94.11,92.81,92.54,91.56,91.33,91.8,92.92,92.81,91.11,91.59,91.48,91.27,90.53,90.08,89.73,89.19,88.9,88.7,87.5,86.42,85.9,85.82,85.55,85.97,86.08,85.84,86.65,86.58,86.08,84.51,83.66,83.88,84.88,84.71,84.1,84.69,83.13,80.41,79.96,80.41,81.35,82.47,82.64,81.22,81.75,82.32,83.11,83.47,83.34,84.2,85.35,84.8,85.35,84.79,84.74,85.68,85.81,86.17,86.56,87.23,87.97,87.51,88.78,87.73,83.9,82.94,83.28,82.9,82.0,81.15,81.12,81.64,80.9,79.16,77.49,76.55,75.24,75.45,75.88,76.43,76.52,76.3,76.37,76.39,76.55,76.8,76.31,76.11,76.01,75.49,74.87,74.18,74.34,74.27,73.91,74.16,74.1,73.46,73.02,72.74,72.72,72.92,72.5,72.54,73.07,72.57,71.41,70.8,69.81,69.71,69.74,68.62,68.14,67.81,67.18,66.63,65.85,65.17,64.08,62.92
Estonia,104.04,103.38,103.05,103.21,103.71,103.79,103.83,103.86,104.2,104.18,104.33,104.69,104.43,104.38,103.83,103.36,103.88,102.78,102.43,103.19,103.54,103.84,103.8,103.72,103.65,103.5,103.12,103.54,103.56,103.48,103.15,103.13,103.06,103.38,103.62,104.0,104.04,103.68,102.52,101.71,101.96,100.98,100.6,100.24,99.77,98.73,98.2,97.62,97.38,97.35,97.89,98.26,99.22,101.59,100.08,99.76,99.71,99.54,99.64,100.14,100.26,100.42,100.47,100.87,100.92,100.65,100.56,100.9,101.07,100.84,101.33,101.23,101.01,100.22,99.76,99.6,99.88,99.87,97.57,97.6,97.88,98.01,98.34,98.31,98.69,98.02,98.43,98.37,97.95,98.11,98.33,98.52,98.77,98.67,98.97,99.57,99.08,98.58,98.06,98.13,98.57,98.14,97.92,97.67,97.62,97.43,97.15,97.24,97.38,96.87,96.16,95.7,94.73,94.94,94.78,95.19,95.4,96.06,95.88,96.13,96.04,95.9,95.99,96.16,95.94,95.95,96.96,96.35,95.29,94.21,95.25,95.68,95.21,93.48,93.52,92.68,92.05,93.05,94.82,95.59,96.3,94.86,94.3,94.22,94.67,94.8,94.75,95.11,95.51,95.54,94.97,94.58,94.58,93.89,93.72,93.36,93.43,92.85,92.83,91.8,91.66,91.35,92.05,91.76,91.32,90.81,91.01,90.78,89.77,90.14,91.31,91.4,91.5,91.53,91.51,91.68,92.7,93.39,93.63,93.49,93.64,93.17,93.47,93.22,93.53,92.88,92.23,91.97,92.31,93.3,93.55,92.33,92.28,92.48,91.83,92.38,93.33,93.91,94.6,95.76,96.78,96.95,96.98,96.78,96.54,97.02,97.15,96.53,96.65,97.35,96.61,96.06,95.35,92.92,92.94,93.34,93.46,94.3,94.27,94.3,94.64,94.43,93.55,93.7,93.61,93.6,93.17,93.12,92.95,92.86,92.88,92.89,92.99,92.9,92.6,92.44,92.56,92.36,92.4,92.61,92.57,92.61,92.59,92.5,92.09,91.86,91.63,91.89,91.88,91.99,92.09,92.14,92.37,92.31,92.12,92.86,93.17,93.24,93.04,93.29,93.63,93.29,92.89,92.56,92.58,92.68,92.45,92.37,92.09,92.73,93.41,93.37,92.86,91.84,91.9,91.28,91.38,91.8,92.24,92.1,90.83,90.86,90.57,90.15,89.16,88.77,88.49,88.4,88.38,88.62,87.69,86.86,86.04,85.83,85.86,86.17,86.42,86.15,86.76,86.89,86.32,85.21,84.78,85.17,85.79,86.09,86.03,86.31,84.78,83.54,83.32,83.57,84.29,85.23,85.46,84.32,85.15,85.68,86.45,86.98,86.57,87.15,87.95,87.35,87.65,87.08,87.25,88.1,88.43,88.54,88.74,89.48,89.34,87.49,87.95,86.41,79.83,78.61,78.65,78.52,77.78,77.68,78.01,77.98,77.96,77.84,77.12,76.7,75.98,76.24,77.42,77.98,77.78,77.83,77.68,78.31,78.79,79.44,78.93,79.61,79.98,79.5,79.04,79.23,79.93,80.19,80.45,79.8,79.74,79.91,80.33,79.27,79.37,81.32,81.68,82.3,83.28,82.26,78.71,77.21,75.29,74.86,74.68,73.07,72.82,72.39,71.11,69.91,68.82,68.76,67.03,66.43
Euro area,109.38,108.66,108.78,109.37,109.83,109.49,110.2,110.29,110.67,110.15,110.38,110.8,110.47,110.48,109.45,108.3,108.97,106.26,104.1,104.47,104.78,105.4,106.0,106.54,106.66,106.54,105.87,106.08,105.89,106.05,105.23,105.31,104.95,105.19,104.6,105.0,105.43,105.35,103.62,102.56,102.78,101.58,101.25,101.23,101.1,99.86,98.59,97.61,97.16,97.5,99.02,98.55,98.12,99.45,99.68,99.44,99.97,99.64,100.03,100.6,100.61,101.04,101.46,102.05,101.82,101.4,101.22,101.98,102.49,101.53,102.35,102.4,102.35,100.82,100.0,98.9,98.83,98.74,95.55,96.05,96.53,96.47,96.99,96.98,97.7,96.91,97.64,97.27,96.6,96.69,97.03,97.64,98.2,98.15,99.02,100.06,98.97,98.49,97.28,97.29,98.35,98.31,98.11,97.73,97.09,96.81,96.69,96.89,96.86,95.42,93.85,93.07,91.17,91.52,91.19,91.86,91.51,92.41,92.72,92.91,92.7,92.32,92.55,92.93,92.56,91.94,92.93,91.73,90.34,88.62,91.27,91.71,90.4,88.04,88.89,87.88,86.04,86.99,89.66,91.38,94.81,94.15,94.2,94.77,96.28,96.89,97.31,98.14,98.88,99.22,98.18,97.86,97.83,96.44,96.49,95.71,95.72,94.48,94.5,92.75,92.6,92.38,93.88,92.93,91.65,90.32,90.82,90.35,88.39,88.41,90.2,90.77,91.81,91.96,91.73,91.37,93.34,94.9,95.31,94.88,95.7,95.29,96.14,95.99,96.74,95.3,93.8,92.61,92.67,94.69,95.78,92.57,92.29,92.58,90.68,92.46,95.48,96.89,97.9,100.44,102.67,103.76,103.75,102.92,101.83,101.77,101.99,100.8,100.3,101.34,99.27,99.83,99.63,94.96,95.73,97.97,99.2,101.67,101.58,101.84,102.54,101.55,98.76,99.0,98.63,98.79,97.3,96.61,95.79,95.86,95.33,95.76,95.94,95.25,94.54,94.23,94.96,94.02,93.48,94.13,94.31,94.34,94.25,93.69,92.07,91.06,90.32,91.22,90.68,90.69,91.5,91.94,92.42,91.92,91.84,94.4,95.49,96.25,95.46,96.39,97.74,96.66,95.39,94.34,94.05,94.17,93.82,93.81,92.75,94.31,96.18,96.26,95.21,92.47,92.43,90.56,90.63,91.7,93.06,92.69,89.4,89.26,88.63,87.42,85.03,84.09,83.45,83.05,82.83,83.29,81.5,79.14,77.35,77.08,76.94,77.54,77.94,77.54,78.88,78.8,78.08,75.68,74.75,75.84,77.32,77.7,77.47,78.13,75.06,72.34,71.78,72.61,74.11,76.2,76.68,74.01,75.4,76.48,77.75,78.92,78.84,80.4,82.42,81.36,82.26,81.06,81.12,82.65,83.17,84.25,85.44,86.72,86.97,86.34,87.93,86.88,83.41,82.26,82.3,81.69,79.85,79.38,79.85,80.52,80.19,79.65,78.1,76.69,74.64,75.23,76.66,77.48,77.54,77.62,77.94,79.5,80.56,81.39,80.74,81.09,81.56,80.89,79.93,79.44,80.05,80.56,80.76,80.59,80.56,80.9,80.33,78.89,78.96,79.74,78.76,78.42,79.08,78.69,76.6,75.58,74.03,74.6,75.13,73.93,73.56,73.29,71.8,70.75,69.24,68.24,66.53,65.83
Finland,103.95,103.58,103.44,103.57,103.86,103.72,103.87,103.97,104.39,104.35,104.44,104.7,104.68,104.7,104.03,103.46,103.97,102.82,102.35,102.88,103.13,103.44,103.44,103.55,103.66,103.63,103.08,103.58,103.5,103.27,102.89,102.97,102.79,103.3,103.28,103.67,103.83,103.55,102.73,101.89,101.97,101.13,100.81,100.68,100.31,99.52,99.0,98.36,97.86,97.99,98.66,98.59,98.6,99.95,99.61,99.28,99.29,98.98,99.18,99.7,99.82,99.95,100.01,100.33,100.3,100.08,100.01,100.33,100.64,100.35,100.91,100.98,100.85,100.21,99.96,99.7,100.02,100.07,98.1,98.22,98.41,98.52,98.87,98.79,99.23,98.56,99.03,98.92,98.41,98.56,98.76,98.97,99.27,99.19,99.62,100.28,99.67,99.22,98.6,98.69,99.3,98.95,98.71,98.38,98.2,97.97,97.69,97.76,97.84,97.2,96.44,95.92,94.74,94.91,94.71,95.14,95.25,95.98,95.95,96.15,96.02,95.78,95.91,96.12,95.91,95.8,96.71,95.97,95.02,93.94,95.3,95.72,95.14,93.43,93.6,92.86,92.01,92.79,94.62,95.42,96.8,95.71,95.35,95.43,96.1,96.4,96.45,96.83,97.26,97.3,96.73,96.41,96.46,95.63,95.51,95.02,95.09,94.36,94.35,93.21,93.04,92.72,93.63,93.27,92.75,92.06,92.34,92.03,90.81,91.08,92.36,92.62,92.93,93.0,92.88,92.8,93.99,94.85,95.16,94.99,95.46,95.06,95.5,95.25,95.62,94.8,94.01,93.6,93.78,95.15,95.63,93.84,93.72,93.87,92.8,93.71,95.36,96.16,96.92,98.45,99.76,100.18,100.18,99.94,99.52,99.83,99.82,99.0,98.98,99.71,98.61,98.59,98.23,95.31,95.69,96.69,97.13,98.45,98.25,98.28,98.67,98.22,96.78,96.94,96.78,96.77,95.89,95.61,95.23,95.2,94.99,95.16,95.27,94.9,94.48,94.31,94.66,94.17,93.96,94.27,94.34,94.24,94.19,94.1,93.2,92.76,92.44,92.93,92.75,92.77,93.14,93.39,93.62,93.33,93.22,94.51,95.16,95.56,95.17,95.55,96.27,95.67,95.04,94.54,94.49,94.61,94.32,94.19,93.67,94.57,95.52,95.52,94.86,93.41,93.45,92.55,92.71,93.28,93.97,93.8,92.04,92.04,91.68,91.06,89.77,89.25,88.89,88.7,88.6,88.89,87.81,86.66,85.68,85.43,85.42,85.81,86.08,85.75,86.54,86.56,85.96,84.61,84.08,84.61,85.47,85.75,85.59,85.97,84.06,82.46,82.1,82.49,83.39,84.61,84.84,83.31,84.2,84.89,85.72,86.4,86.22,87.09,88.28,87.62,88.17,87.49,87.6,88.57,88.88,89.42,90.01,90.91,91.09,90.16,91.07,89.99,86.2,85.19,85.21,84.87,83.73,83.61,84.13,84.55,84.4,84.32,83.99,83.3,82.19,83.23,83.67,83.81,84.29,84.83,85.31,86.12,86.72,86.84,87.16,87.21,87.63,86.05,85.12,83.71,83.3,84.88,85.65,87.36,88.65,89.61,89.16,88.64,89.17,88.24,87.71,87.94,88.14,87.0,84.41,83.12,81.8,82.3,82.18,77.77,75.61,74.62,73.04,73.56,73.32,72.39,72.29,70.82
France,103.61,103.35,103.43,103.66,103.8,103.62,103.95,103.97,104.11,103.92,103.99,104.13,104.0,104.0,103.6,103.14,103.37,102.34,101.48,101.57,101.68,101.91,102.18,102.44,102.49,102.43,102.18,102.29,102.19,102.27,101.94,102.01,101.89,102.01,101.73,101.88,102.07,102.08,101.44,101.01,101.1,100.63,100.51,100.52,100.47,100.02,99.45,99.08,98.86,98.99,99.65,99.44,99.18,99.58,99.83,99.72,99.9,99.75,99.92,100.17,100.16,100.32,100.53,100.74,100.63,100.43,100.41,100.72,100.96,100.55,100.85,100.9,100.94,100.35,100.05,99.53,99.47,99.5,98.34,98.57,98.77,98.71,98.97,98.95,99.34,98.98,99.36,99.12,98.78,98.83,99.01,99.36,99.66,99.64,100.1,100.65,100.09,99.86,99.19,99.22,99.86,99.88,99.81,99.62,99.23,99.07,99.02,99.13,99.12,98.35,97.5,97.07,95.99,96.17,95.97,96.29,96.06,96.52,96.72,96.82,96.71,96.47,96.6,96.8,96.63,96.27,96.71,96.08,95.43,94.55,95.99,96.2,95.52,94.31,94.8,94.32,93.3,93.73,95.12,95.97,97.86,97.65,97.75,98.1,98.92,99.3,99.55,99.97,100.32,100.46,99.92,99.78,99.79,99.11,99.21,98.78,98.77,98.14,98.17,97.35,97.29,97.19,98.0,97.5,96.86,96.14,96.43,96.19,95.17,95.11,95.98,96.33,96.96,97.07,96.93,96.62,97.61,98.43,98.69,98.54,99.12,98.98,99.42,99.35,99.73,98.95,98.19,97.55,97.51,98.51,99.07,97.47,97.31,97.39,96.41,97.33,98.93,99.58,100.0,101.21,102.22,102.77,102.74,102.35,101.81,101.71,101.75,101.18,100.84,101.21,100.2,100.68,100.78,98.66,99.16,100.44,101.14,102.4,102.27,102.39,102.76,102.25,100.91,101.04,100.88,100.93,100.23,99.86,99.44,99.5,99.21,99.44,99.53,99.17,98.83,98.69,99.07,98.59,98.29,98.59,98.71,98.7,98.65,98.43,97.63,97.14,96.82,97.24,96.94,96.93,97.34,97.59,97.8,97.53,97.51,98.75,99.28,99.68,99.29,99.71,100.34,99.78,99.15,98.64,98.49,98.55,98.37,98.33,97.84,98.54,99.37,99.43,98.96,97.71,97.73,96.87,96.91,97.41,98.06,97.93,96.36,96.27,96.01,95.46,94.32,93.86,93.52,93.34,93.22,93.48,92.61,91.41,90.51,90.33,90.25,90.57,90.76,90.54,91.22,91.16,90.82,89.55,89.11,89.68,90.41,90.64,90.55,90.9,89.28,87.84,87.53,88.03,88.87,90.0,90.24,88.78,89.58,90.19,90.84,91.47,91.44,92.24,93.3,92.78,93.28,92.69,92.69,93.46,93.69,94.26,94.93,95.65,95.81,95.6,96.41,95.74,94.24,93.68,93.68,93.54,92.44,92.18,92.53,92.91,92.71,92.5,91.73,90.75,89.33,89.42,90.61,91.35,91.47,91.71,91.71,92.42,93.23,93.91,93.83,93.8,94.22,94.37,93.66,93.62,94.15,94.08,94.06,94.51,94.44,94.91,93.72,93.52,93.84,94.06,92.95,92.21,94.23,93.02,91.38,90.94,90.02,90.4,90.82,90.32,90.11,89.73,88.85,87.93,86.93,87.36,86.35,86.26
Germany,104.04,103.67,103.68,104.03,104.32,104.2,104.52,104.62,104.84,104.58,104.75,105.0,104.88,104.91,104.43,103.84,104.22,102.72,101.56,101.81,101.99,102.36,102.63,102.87,102.97,102.98,102.6,102.64,102.58,102.69,102.23,102.23,102.01,102.22,101.98,102.24,102.37,102.32,101.4,100.87,101.0,100.44,100.29,100.33,100.37,99.76,99.15,98.51,98.25,98.48,99.3,99.02,98.66,99.41,99.44,99.33,99.75,99.68,99.92,100.2,100.22,100.48,100.65,101.01,100.98,100.84,100.61,101.04,101.29,100.78,101.35,101.35,101.26,100.5,100.07,99.54,99.52,99.32,97.36,97.64,97.98,97.93,98.25,98.25,98.65,98.13,98.59,98.38,97.96,98.03,98.23,98.6,98.97,98.98,99.49,100.07,99.41,99.2,98.41,98.39,99.04,99.04,98.92,98.73,98.38,98.21,98.16,98.28,98.25,97.38,96.4,95.96,94.76,94.97,94.78,95.21,95.04,95.54,95.69,95.87,95.72,95.52,95.74,95.99,95.72,95.33,95.97,95.25,94.39,93.3,94.96,95.23,94.42,92.92,93.47,92.8,91.58,92.22,93.94,95.06,97.25,96.86,96.91,97.3,98.27,98.67,98.93,99.43,99.87,100.07,99.41,99.21,99.18,98.31,98.3,97.84,97.83,97.09,97.11,96.05,95.96,95.82,96.74,96.16,95.33,94.49,94.8,94.51,93.28,93.31,94.45,94.81,95.44,95.52,95.38,95.18,96.41,97.38,97.58,97.3,97.77,97.53,98.07,98.01,98.49,97.62,96.7,95.95,96.03,97.22,97.83,95.99,95.86,96.03,94.93,95.96,97.7,98.48,99.15,100.62,101.86,102.49,102.47,102.02,101.45,101.42,101.6,100.88,100.57,101.17,100.06,100.26,100.15,97.51,98.07,99.36,100.08,101.47,101.48,101.71,102.14,101.64,100.13,100.3,100.16,100.29,99.53,99.16,98.72,98.77,98.49,98.7,98.78,98.39,98.05,97.87,98.26,97.74,97.48,97.89,97.97,97.98,97.92,97.55,96.59,95.99,95.53,96.06,95.79,95.83,96.32,96.57,96.85,96.57,96.56,98.05,98.69,99.05,98.59,99.14,99.94,99.35,98.68,98.13,98.01,98.09,97.92,97.93,97.37,98.26,99.35,99.33,98.69,97.12,97.07,95.99,96.03,96.65,97.4,97.08,95.24,95.2,94.85,94.15,92.77,92.22,91.88,91.65,91.54,91.78,90.67,89.24,88.15,88.03,87.98,88.36,88.61,88.37,89.22,89.2,88.74,87.24,86.62,87.35,88.31,88.54,88.38,88.8,86.93,85.24,84.94,85.4,86.37,87.66,87.98,86.39,87.25,87.87,88.68,89.39,89.3,90.26,91.48,90.8,91.33,90.61,90.69,91.63,91.92,92.54,93.17,93.81,93.93,93.56,94.55,93.86,91.79,91.01,91.04,90.75,89.46,89.1,89.45,89.79,89.5,89.14,88.27,87.34,85.97,86.21,87.43,88.09,88.03,88.31,88.39,89.11,89.99,90.79,90.42,91.03,91.65,90.89,90.17,89.85,90.59,91.42,91.81,91.71,92.15,92.63,92.67,90.97,90.96,92.35,92.04,92.07,93.22,92.94,89.4,88.22,86.77,86.89,87.03,86.25,86.13,85.7,84.42,83.58,82.45,82.09,80.5,80.16
Greece,111.24,110.84,110.89,111.14,111.27,111.1,111.47,111.41,111.53,111.23,111.33,111.51,111.26,111.2,110.64,110.05,110.27,108.86,107.72,107.76,107.92,108.09,108.39,108.68,108.62,108.36,108.04,108.11,108.01,108.09,107.59,107.63,107.38,107.34,106.97,107.06,107.38,107.32,106.02,104.83,104.82,104.03,103.77,103.67,103.57,102.89,102.16,101.67,101.47,101.41,102.09,101.71,101.49,102.24,102.09,101.93,102.03,101.1,100.83,100.92,100.91,101.13,101.38,101.55,101.3,100.83,100.61,101.06,101.43,101.09,101.38,101.32,101.29,100.32,99.9,99.36,99.27,99.11,97.69,97.83,98.02,97.88,98.16,98.12,98.44,98.09,98.47,98.39,97.88,97.78,97.83,98.18,98.33,98.35,99.0,99.66,99.03,98.17,97.46,97.34,97.68,97.54,97.41,97.17,96.93,96.89,96.74,96.74,96.76,96.17,95.41,95.06,94.28,94.41,94.27,94.66,94.31,94.61,94.57,94.57,94.52,94.38,94.56,94.72,94.41,94.22,94.74,94.19,93.45,92.55,93.81,94.21,93.5,92.2,92.54,91.99,91.12,91.6,92.78,93.43,94.93,94.57,94.57,94.71,95.34,95.59,95.76,96.13,96.54,96.86,96.36,96.19,95.99,95.49,95.59,95.29,95.3,94.79,94.86,94.0,94.01,93.93,94.52,94.14,93.76,93.27,93.62,93.49,92.66,92.66,93.39,93.61,94.03,94.09,94.01,93.91,94.72,95.29,95.59,95.34,95.64,95.32,95.6,95.49,95.7,95.27,94.67,94.14,94.09,94.82,95.25,94.01,93.91,94.03,93.19,93.8,95.01,95.65,96.0,96.95,97.94,98.4,98.36,98.09,97.66,97.61,97.64,97.11,96.97,97.59,96.68,96.88,96.84,95.13,95.28,95.75,96.09,97.21,97.18,97.34,97.57,97.05,95.65,95.69,95.48,95.51,94.89,94.64,94.35,94.33,94.17,94.36,94.45,94.22,93.92,93.85,94.13,93.8,93.62,93.88,94.0,94.03,94.04,93.7,92.93,92.59,92.33,92.73,92.59,92.62,92.95,93.08,93.21,93.02,92.97,93.96,94.43,94.71,94.43,94.86,95.47,95.12,94.74,94.27,94.15,94.2,94.02,94.02,93.38,94.03,94.8,94.92,94.55,93.39,93.25,92.35,92.44,92.94,93.63,93.59,92.3,92.23,91.83,91.31,90.25,89.82,89.58,89.32,89.16,89.42,88.66,87.6,86.85,86.71,86.62,86.94,87.06,86.85,87.5,87.36,86.98,85.89,85.42,85.85,86.61,86.51,86.14,86.34,84.76,83.12,82.95,83.47,84.48,85.5,85.72,84.51,85.49,86.32,87.09,88.13,88.39,89.35,90.13,90.23,90.77,90.61,90.79,91.22,91.31,92.56,92.96,93.02,91.71,91.41,89.93,89.35,89.57,90.0,88.48,86.69,85.1,88.15,93.77,94.02,93.99,93.36,92.33,91.49,91.05,91.03,91.07,91.01,91.81,92.72,93.4,92.15,91.4,91.81,91.71,91.13,91.07,91.31,90.35,89.71,88.89,88.1,87.49,87.85,87.94,88.24,88.64,88.87,89.28,89.75,90.06,89.85,90.75,90.36,89.83,89.64,89.07,89.29,89.74,89.61,89.87,89.58,88.84,89.48,89.43,89.81,89.08,89.02
Hungary,102.55,103.39,105.15,104.13,100.93,95.74,98.82,97.38,97.32,97.27,95.92,95.68,94.31,93.64,92.4,91.37,91.21,91.23,89.25,87.57,87.7,88.62,90.57,92.46,92.6,93.03,92.16,94.04,92.68,92.16,93.41,94.94,94.67,95.55,93.74,93.7,94.21,95.63,96.83,95.78,95.16,91.99,91.81,89.12,86.61,86.18,83.14,85.52,85.67,85.42,87.87,90.44,92.52,92.9,98.12,97.51,95.5,96.11,97.37,100.02,100.22,98.91,101.24,100.54,98.42,96.82,98.68,98.82,99.16,98.41,98.28,98.82,102.13,100.53,101.06,99.48,97.86,100.79,101.13,102.34,103.84,102.87,103.82,103.55,105.63,105.71,106.97,106.07,106.98,108.77,108.24,107.81,107.14,107.27,107.18,107.33,107.41,106.57,106.56,108.49,110.65,110.46,110.49,111.21,109.66,109.94,110.61,111.3,112.78,111.21,109.87,108.95,107.42,108.37,108.66,108.88,107.64,109.15,109.82,109.32,108.66,107.12,107.41,107.4,108.2,107.95,108.91,106.84,106.13,105.95,107.63,107.21,107.1,105.84,106.16,107.55,108.98,108.11,108.37,106.0,109.33,110.54,110.14,108.49,108.99,110.67,112.3,113.2,112.62,111.29,111.21,114.02,114.82,114.91,116.0,113.69,113.81,114.95,114.71,114.89,112.39,110.64,115.41,114.36,116.97,117.72,118.09,116.93,118.02,115.09,113.27,113.46,113.48,114.53,115.09,108.72,110.97,109.99,114.77,119.2,125.17,126.97,127.82,127.56,128.85,125.4,124.37,121.76,120.99,122.98,124.31,118.91,119.06,118.36,118.22,121.12,127.99,128.91,126.85,129.25,128.79,130.54,131.77,129.6,129.9,128.94,125.32,123.87,117.98,115.22,116.53,124.05,130.51,127.32,130.13,142.18,145.74,149.92,143.47,140.65,137.64,133.91,131.1,134.55,135.77,135.24,136.32,134.7,133.19,137.78,135.7,136.96,138.45,135.89,133.67,133.15,133.49,130.48,126.22,123.22,123.3,122.0,124.24,128.62,126.21,127.92,132.21,133.32,132.07,133.07,133.09,136.53,137.62,136.33,134.85,134.84,137.58,139.79,140.02,139.15,140.51,140.22,138.73,137.56,136.78,136.31,134.39,134.45,135.25,134.62,130.64,130.04,129.14,130.25,131.94,130.89,128.81,127.39,129.43,137.37,135.37,135.24,135.02,136.92,137.74,135.78,132.37,131.87,130.98,130.49,131.43,129.23,128.79,127.29,127.87,128.17,126.59,124.27,123.21,122.85,124.84,124.25,124.4,119.81,116.79,117.27,117.52,118.33,116.36,114.71,114.91,115.62,117.29,118.96,119.5,118.09,119.3,120.59,121.93,123.26,123.39,124.12,124.08,124.52,125.92,126.71,127.36,127.97,127.2,127.14,129.4,129.82,128.1,127.75,126.43,127.34,129.13,131.08,131.87,133.82,134.47,135.51,137.17,138.83,138.77,138.7,140.19,141.79,142.59,143.18,145.22,147.01,148.94,150.86,151.92,152.72,150.99,152.37,154.4,155.56,156.81,158.71,160.56,161.85,163.39,164.59,165.61,167.88,169.72,170.89,172.84,176.47,178.59,179.72,182.33,186.53,189.6,198.35,213.4,215.22,217.05,217.0,217.42,217.14,219.38,233.31,234.69,237.23,238.88,237.31,239.8,240.45
Ireland,102.58,102.13,102.51,102.9,103.25,102.85,103.62,103.57,103.85,103.57,103.54,103.77,103.46,103.45,102.6,101.79,102.31,100.46,98.86,99.03,99.07,99.65,100.31,100.91,101.1,100.76,100.48,100.84,100.61,100.72,100.3,100.61,100.55,100.72,100.11,100.18,100.62,100.77,99.91,99.83,100.15,99.3,99.17,99.09,98.58,97.65,96.65,96.41,95.83,96.24,97.62,97.28,97.01,97.55,98.38,98.13,98.51,98.6,99.15,99.87,99.79,100.1,100.64,101.04,100.7,100.37,100.87,101.55,102.04,101.08,101.5,101.72,101.7,100.72,100.04,98.82,98.51,99.31,96.94,97.61,97.83,97.76,98.11,98.14,98.87,98.6,98.98,98.43,98.21,98.36,98.69,99.2,99.58,99.4,99.85,100.59,100.01,100.13,99.57,99.78,100.98,101.23,101.24,100.89,100.02,99.75,99.79,100.09,100.04,98.75,97.55,96.79,95.22,95.5,95.2,95.57,95.1,95.99,96.65,96.62,96.49,96.0,95.88,96.08,96.11,95.43,95.83,94.75,93.94,92.78,94.96,95.12,94.27,92.98,93.78,93.26,91.91,92.36,94.39,95.78,98.64,98.61,98.8,99.37,100.61,101.16,101.58,102.25,102.77,102.99,102.27,102.17,102.37,101.52,101.86,101.1,101.25,100.49,100.5,99.54,99.49,99.42,100.6,99.71,98.68,97.6,98.0,97.54,96.07,95.87,97.13,97.72,98.89,99.16,99.02,98.3,99.63,100.92,101.44,101.37,102.51,102.41,103.06,102.88,103.42,102.08,100.83,99.95,99.78,101.24,102.31,99.58,99.06,99.16,97.57,99.19,101.8,102.9,103.09,104.88,106.31,107.14,107.24,106.39,105.26,104.95,104.81,104.29,103.72,104.16,102.48,103.88,104.14,100.72,101.31,103.76,104.97,106.8,106.39,106.4,106.92,105.92,103.66,103.69,103.05,102.97,101.73,100.98,100.17,100.3,99.77,100.19,100.22,99.62,98.96,98.69,99.39,98.63,98.04,98.42,98.64,98.64,98.54,98.45,97.51,96.74,96.28,96.84,96.25,96.16,96.78,97.18,97.5,97.03,96.8,98.66,99.39,100.17,99.62,100.18,100.95,100.01,98.83,97.93,97.56,97.65,97.3,97.26,96.61,97.69,98.93,99.19,98.6,96.63,96.73,95.46,95.51,96.24,97.18,97.14,94.51,94.26,93.81,92.91,91.17,90.48,89.79,89.59,89.5,89.91,88.92,87.24,85.93,85.66,85.48,86.05,86.29,85.89,86.75,86.67,86.36,84.55,84.07,84.92,86.02,86.57,86.68,87.29,84.84,82.76,82.23,83.15,84.27,86.02,86.43,84.14,85.18,86.21,87.13,88.0,88.11,89.34,90.96,90.33,91.3,90.59,90.51,91.69,92.12,93.02,94.29,95.69,96.12,96.07,97.58,96.9,95.23,94.48,94.67,94.63,92.71,91.62,92.28,93.46,96.33,96.75,95.23,96.75,95.6,95.97,95.39,95.71,98.68,99.29,99.79,99.87,99.91,99.05,97.11,96.96,96.51,96.51,95.96,95.05,94.55,94.21,94.45,94.45,94.09,94.03,94.15,94.11,93.89,93.75,93.41,93.23,92.9,92.56,93.12,93.34,92.93,93.14,93.66,92.52,92.09,92.28,92.15,91.55,90.48,90.07,90.01,90.92
Italy,106.22,105.85,105.88,106.14,106.27,106.1,106.43,106.44,106.57,106.31,106.41,106.61,106.42,106.4,105.93,105.41,105.64,104.45,103.45,103.57,103.71,103.94,104.22,104.47,104.48,104.39,104.08,104.18,104.07,104.14,103.73,103.77,103.6,103.68,103.37,103.54,103.78,103.75,102.85,102.16,102.24,101.65,101.47,101.45,101.37,100.75,100.11,99.63,99.48,99.58,100.29,100.05,99.88,100.54,100.59,100.46,100.64,100.28,100.35,100.56,100.55,100.75,100.97,101.21,101.08,100.78,100.64,100.99,101.24,100.84,101.15,101.14,101.13,100.35,99.96,99.43,99.38,99.31,97.92,98.13,98.35,98.27,98.5,98.45,98.81,98.45,98.87,98.71,98.37,98.4,98.54,98.87,99.12,99.11,99.64,100.26,99.61,99.25,98.62,98.63,99.22,99.15,99.04,98.8,98.4,98.23,98.11,98.19,98.14,97.36,96.48,96.05,94.97,95.14,94.97,95.34,95.1,95.58,95.72,95.9,95.79,95.57,95.81,96.05,95.82,95.5,96.07,95.43,94.67,93.69,95.17,95.44,94.69,93.32,93.77,93.19,92.14,92.67,94.12,94.97,96.86,96.48,96.53,96.8,97.6,97.93,98.15,98.58,98.98,99.2,98.66,98.48,98.39,97.67,97.72,97.32,97.27,96.56,96.58,95.58,95.49,95.37,96.19,95.74,95.15,94.45,94.74,94.5,93.45,93.4,94.31,94.6,95.12,95.17,95.02,94.81,95.85,96.64,96.89,96.65,97.06,96.8,97.24,97.17,97.54,96.83,96.1,95.44,95.39,96.4,96.9,95.34,95.21,95.31,94.34,95.19,96.67,97.33,97.84,99.02,100.08,100.62,100.59,100.26,99.76,99.69,99.77,99.19,98.93,99.41,98.45,98.7,98.57,96.4,96.82,97.8,98.38,99.64,99.59,99.74,100.1,99.64,98.32,98.46,98.29,98.37,97.66,97.37,96.97,96.95,96.73,96.97,97.1,96.8,96.5,96.38,96.73,96.3,96.04,96.37,96.46,96.49,96.47,96.15,95.27,94.79,94.45,94.93,94.66,94.66,95.06,95.28,95.5,95.24,95.28,96.5,97.06,97.42,97.04,97.52,98.2,97.72,97.18,96.7,96.57,96.63,96.48,96.44,95.89,96.56,97.44,97.47,97.01,95.73,95.68,94.74,94.76,95.26,95.96,95.8,94.28,94.24,93.97,93.42,92.24,91.77,91.45,91.23,91.08,91.33,90.34,89.04,88.05,87.87,87.78,88.04,88.23,88.04,88.77,88.69,88.25,86.93,86.4,86.96,87.73,87.86,87.67,87.95,86.34,84.79,84.48,84.87,85.66,86.73,86.96,85.54,86.3,86.83,87.47,88.08,88.0,88.76,89.76,89.16,89.57,88.92,88.92,89.62,89.82,90.35,90.82,91.35,91.29,90.98,91.79,91.16,89.36,88.8,88.9,88.64,87.38,87.3,87.33,87.78,87.94,87.77,87.1,86.69,85.44,85.97,86.34,86.26,86.01,85.54,86.62,88.06,87.92,86.99,86.96,86.42,85.69,85.72,85.57,84.71,83.21,82.34,81.41,80.42,79.02,77.91,77.17,78.15,77.61,75.25,74.25,74.12,70.58,72.8,78.97,80.17,80.02,81.02,81.95,82.01,81.77,82.8,83.33,83.99,83.33,80.13,79.96,79.06
Latvia,102.69,102.13,101.7,101.78,102.22,102.41,102.25,102.26,102.48,102.51,102.66,102.96,102.73,102.65,102.35,102.08,102.49,101.67,101.47,102.19,102.47,102.74,102.67,102.48,102.39,102.13,101.97,102.2,102.33,102.31,102.1,102.09,102.04,102.29,102.72,103.08,102.87,102.54,101.63,101.24,101.66,101.07,100.85,100.53,100.12,99.23,99.06,98.57,98.5,98.51,98.66,99.05,100.03,102.28,100.47,100.23,100.33,100.2,100.11,100.4,100.47,100.61,100.49,100.83,101.0,100.86,100.63,100.96,100.97,100.9,101.28,101.01,100.62,100.13,99.74,99.87,100.12,99.88,97.76,97.71,97.93,98.06,98.3,98.37,98.73,98.12,98.49,98.5,98.21,98.34,98.54,98.77,98.95,98.78,99.0,99.56,99.1,98.76,98.4,98.4,98.67,98.34,98.05,97.75,97.74,97.63,97.42,97.49,97.68,97.15,96.57,96.19,95.4,95.65,95.5,95.91,96.14,96.66,96.45,96.73,96.69,96.67,96.78,96.94,96.71,96.76,97.78,97.35,96.25,95.27,95.98,96.35,95.9,94.36,94.33,93.47,93.05,94.17,95.61,96.35,96.56,95.17,94.58,94.33,94.57,94.48,94.44,94.81,95.16,95.29,94.83,94.48,94.38,93.93,93.81,93.69,93.75,93.4,93.43,92.74,92.6,92.34,92.95,92.99,92.85,92.64,92.76,92.67,91.97,92.3,93.12,92.83,92.53,92.7,92.7,93.15,94.14,93.95,93.44,92.8,92.44,91.9,92.11,91.93,92.19,92.12,92.1,91.95,91.49,92.23,92.38,91.47,91.45,91.59,91.18,91.59,92.02,92.46,93.05,93.94,94.95,94.9,94.99,95.6,95.79,96.24,96.33,94.82,94.99,95.86,95.87,94.99,93.29,91.03,90.82,91.33,91.55,92.1,92.32,93.08,93.52,93.54,92.98,92.92,92.87,92.52,91.89,92.07,92.52,92.51,92.66,92.62,91.76,91.06,92.0,92.27,92.31,92.26,92.47,92.72,92.67,92.83,92.81,92.6,92.29,92.06,91.76,92.04,91.95,92.2,92.28,92.39,92.71,92.7,92.54,93.27,93.48,93.41,93.27,93.56,94.81,96.13,97.55,98.54,98.95,98.88,99.27,99.45,100.16,99.21,98.28,98.04,98.8,100.48,100.31,101.31,101.04,100.19,99.31,99.74,102.32,102.94,102.87,103.02,104.6,104.86,105.75,106.49,106.82,106.02,107.0,108.41,109.75,110.32,110.03,109.65,110.54,111.13,110.62,110.3,110.0,111.43,111.7,110.4,109.25,108.59,108.19,107.05,108.86,111.59,112.58,112.13,110.61,108.91,108.94,110.91,109.76,108.24,106.87,106.08,105.74,104.03,102.6,102.31,100.32,99.91,100.51,100.15,100.43,99.21,98.08,96.62,94.29,91.74,90.44,89.16,81.06,80.18,80.06,79.93,80.75,81.25,81.37,81.0,80.08,79.51,79.59,79.91,80.98,80.67,79.6,78.6,77.94,77.77,77.17,76.33,75.69,75.04,74.71,74.65,74.31,74.15,74.34,74.59,73.97,73.62,73.4,73.03,72.98,72.46,72.67,73.04,73.83,74.93,76.32,77.35,77.45,75.17,73.02,71.43,69.97,68.91,67.92,64.86,63.81,63.42,62.82,62.06,61.66,60.72,59.49,56.71
Lithuania,103.05,102.66,102.31,102.38,102.7,102.81,102.69,102.67,102.87,102.86,102.98,103.23,103.06,103.01,102.72,102.4,102.73,101.79,101.49,102.1,102.35,102.7,102.69,102.55,102.52,102.28,102.13,102.27,102.39,102.39,102.21,102.27,102.14,102.42,102.8,103.18,102.87,102.62,101.88,101.56,101.97,101.52,101.41,101.12,100.77,100.09,100.01,99.55,99.42,99.51,99.58,99.76,100.33,102.11,100.63,100.45,100.66,100.48,100.31,100.51,100.58,100.69,100.57,100.87,100.98,100.88,100.57,100.93,100.94,100.85,101.26,100.95,100.52,100.14,99.83,99.96,100.15,99.82,97.81,97.78,97.99,98.13,98.42,98.52,98.87,98.16,98.48,98.49,98.15,98.28,98.52,98.71,98.89,98.76,98.99,99.53,99.09,98.65,98.25,98.26,98.4,98.02,97.8,97.57,97.61,97.52,97.37,97.49,97.65,97.14,96.47,96.03,95.36,95.66,95.57,96.01,96.25,96.9,96.73,96.99,96.96,96.89,96.95,97.1,96.91,96.97,98.1,97.57,96.3,95.14,95.97,96.41,95.91,94.17,94.15,93.19,92.75,94.01,95.65,96.49,96.81,95.11,94.4,94.11,94.38,94.28,94.26,94.62,95.08,95.24,94.72,94.28,94.22,93.74,93.59,93.41,93.49,93.1,93.05,92.04,91.94,91.75,92.19,91.91,91.55,91.3,91.39,91.3,90.55,90.92,91.92,91.79,91.64,91.59,91.77,92.3,93.17,93.57,93.71,93.52,93.16,92.51,92.69,92.48,92.73,92.35,91.78,91.57,92.02,92.7,92.9,91.86,91.73,92.02,91.43,91.76,92.21,92.8,93.54,94.49,95.43,95.57,95.71,95.52,95.24,95.64,95.99,95.55,95.68,96.51,96.1,94.92,93.65,91.22,90.98,90.94,90.84,91.4,91.64,91.79,92.1,92.07,91.37,91.5,91.32,91.47,91.13,91.18,91.02,90.88,90.91,90.94,91.09,91.12,90.85,90.73,90.8,90.63,90.71,91.02,90.93,91.14,91.17,90.86,90.45,90.15,89.81,90.16,90.11,90.34,90.48,90.56,90.97,90.94,90.8,91.71,91.97,91.88,91.68,92.1,92.54,92.49,92.19,91.95,91.94,92.05,92.05,92.19,91.9,92.45,93.23,93.09,92.7,91.72,91.73,90.88,90.77,91.25,91.68,91.48,90.29,90.38,89.85,89.29,88.22,87.81,87.68,87.63,87.66,87.87,86.71,85.58,84.59,84.54,84.51,82.81,82.15,82.46,81.51,81.23,81.76,84.11,84.09,82.6,81.68,80.38,79.31,78.16,80.58,83.28,83.34,81.97,79.66,77.59,77.25,79.81,76.9,75.79,75.0,73.21,73.09,72.05,70.06,70.89,70.21,71.17,71.12,70.08,70.01,68.86,66.89,64.84,63.67,62.43,61.14,62.25,58.77,57.95,57.84,57.27,57.96,58.23,58.17,58.17,56.99,55.49,55.78,56.44,57.42,56.06,54.67,54.11,54.13,53.76,53.04,51.05,49.77,48.78,49.06,48.59,48.0,48.22,48.54,48.55,47.88,47.21,46.9,46.57,46.04,45.36,45.28,46.07,45.57,44.7,45.29,46.02,45.49,45.59,46.26,45.86,45.55,44.24,43.49,42.27,41.89,41.56,42.26,42.31,42.58,42.75,42.87,42.09
Luxembourg,102.08,101.95,101.99,102.1,102.24,102.13,102.3,102.32,102.38,102.23,102.23,102.28,102.2,102.2,101.92,101.63,101.75,101.17,100.66,100.81,100.87,101.05,101.2,101.26,101.32,101.41,101.26,101.3,101.21,101.23,101.04,101.06,100.97,101.13,100.94,101.04,101.13,101.11,100.74,100.57,100.62,100.34,100.29,100.27,100.24,99.98,99.71,99.48,99.3,99.45,99.85,99.67,99.6,99.79,99.87,99.8,99.93,99.95,100.08,100.22,100.2,100.32,100.46,100.6,100.52,100.44,100.41,100.57,100.67,100.38,100.56,100.58,100.55,100.2,99.98,99.65,99.62,99.7,98.97,99.14,99.24,99.22,99.34,99.31,99.51,99.38,99.57,99.49,99.38,99.42,99.5,99.63,99.81,99.8,100.01,100.29,100.01,99.97,99.68,99.73,100.08,100.05,100.02,99.93,99.73,99.62,99.59,99.65,99.61,99.2,98.73,98.5,97.89,98.02,97.91,98.11,98.04,98.31,98.4,98.5,98.43,98.33,98.45,98.6,98.52,98.33,98.62,98.26,97.92,97.41,98.26,98.37,98.04,97.38,97.65,97.34,96.73,97.0,97.86,98.37,99.44,99.31,99.31,99.5,99.96,100.16,100.28,100.52,100.74,100.83,100.53,100.46,100.47,100.1,100.15,99.89,99.9,99.6,99.62,99.2,99.16,99.09,99.52,99.21,98.8,98.4,98.54,98.37,97.78,97.78,98.32,98.53,98.9,98.97,98.91,98.74,99.29,99.75,99.88,99.81,100.13,100.01,100.25,100.18,100.38,99.94,99.48,99.13,99.13,99.59,99.85,99.09,99.0,99.07,98.63,99.07,99.74,100.06,100.26,100.81,101.28,101.5,101.51,101.29,101.04,101.06,101.12,100.9,100.8,101.02,100.57,100.72,100.67,99.57,99.7,100.2,100.49,100.99,100.96,101.02,101.2,100.98,100.39,100.44,100.31,100.26,99.88,99.69,99.45,99.47,99.34,99.46,99.48,99.31,99.1,98.99,99.19,98.96,98.8,98.95,98.99,99.03,98.99,98.9,98.59,98.33,98.14,98.35,98.19,98.2,98.4,98.51,98.66,98.53,98.42,99.09,99.34,99.55,99.37,99.59,99.87,99.65,99.4,99.18,99.1,99.12,99.04,99.07,98.88,99.2,99.57,99.6,99.41,98.86,98.87,98.52,98.55,98.77,99.01,98.97,98.25,98.19,98.05,97.78,97.26,97.04,96.88,96.81,96.79,96.89,96.55,96.01,95.58,95.53,95.5,95.66,95.75,95.64,96.02,96.04,95.86,95.13,94.9,95.24,95.63,95.82,95.84,96.06,95.19,94.4,94.25,94.54,95.03,95.66,95.82,95.05,95.51,95.86,96.24,96.6,96.59,97.05,97.63,97.34,97.63,97.32,97.33,97.74,97.88,98.21,98.6,98.95,98.98,98.84,99.24,98.84,98.07,97.8,97.78,97.75,97.2,97.09,97.2,97.3,97.31,97.41,97.15,96.76,96.21,96.41,97.08,97.37,97.37,97.56,97.61,98.11,98.64,99.1,99.03,99.47,99.78,99.39,99.2,99.16,99.63,100.11,100.32,100.34,100.68,100.98,101.13,100.25,100.34,101.24,101.32,101.25,101.82,101.4,99.66,99.02,98.5,98.52,98.56,98.22,98.11,97.92,97.31,96.97,96.47,96.38,95.67,94.92
Malta,112.55,113.16,113.9,113.76,113.8,113.26,113.58,113.52,113.62,113.07,112.68,112.48,111.95,111.71,110.68,110.05,110.89,109.29,107.17,107.17,107.25,107.13,107.56,107.74,107.89,107.78,107.33,107.32,107.03,106.81,106.24,106.49,106.03,106.04,105.65,105.6,106.22,105.84,104.73,104.63,104.78,103.49,102.86,102.46,102.6,101.92,101.51,100.79,99.91,100.0,100.98,100.42,100.17,100.71,101.26,100.96,100.98,100.42,100.6,100.99,100.76,100.79,100.95,101.21,100.74,100.45,100.58,100.92,101.21,100.65,101.16,101.67,101.87,100.7,100.09,99.3,99.09,99.46,97.33,97.46,97.7,97.6,98.0,98.05,98.65,98.03,98.43,98.16,97.67,97.58,97.7,98.16,98.5,98.28,99.0,99.76,98.82,98.29,97.51,97.38,97.88,97.96,97.92,97.43,96.85,96.79,96.84,96.95,97.0,95.96,94.87,94.18,93.0,93.33,93.08,93.63,93.12,93.82,94.01,94.01,93.86,93.67,94.02,94.41,94.11,93.92,94.82,93.97,93.0,91.64,93.58,94.16,93.26,91.61,91.95,91.16,89.78,90.49,92.37,93.28,95.79,95.67,95.57,95.82,96.91,97.34,97.75,98.43,99.15,99.67,98.97,98.74,98.56,97.66,97.98,97.46,97.78,96.99,97.17,95.86,95.9,95.52,96.56,95.57,94.73,93.77,94.4,94.23,92.81,92.68,94.08,94.66,95.59,95.72,95.44,94.94,96.35,97.4,98.07,97.65,98.38,97.87,98.72,98.62,99.06,98.2,97.02,96.0,96.03,97.26,98.06,95.96,95.78,96.05,94.47,95.38,97.52,98.81,99.5,101.16,102.98,103.86,103.83,103.72,103.09,102.96,102.84,101.83,101.93,103.42,101.64,101.99,102.43,99.77,100.09,100.43,100.71,102.52,102.26,102.33,102.32,101.2,98.34,98.36,97.89,97.98,96.93,96.51,95.93,95.97,95.55,95.83,95.93,95.43,94.93,94.79,95.34,94.69,94.24,94.6,94.82,94.72,94.71,94.4,93.24,92.65,92.32,92.94,92.71,92.69,93.32,93.68,93.77,93.28,93.23,94.82,95.49,95.67,95.41,95.7,96.61,95.94,95.5,95.16,95.36,95.54,95.31,95.06,94.46,95.17,95.98,95.75,95.05,93.77,93.55,92.5,92.56,93.11,93.89,93.53,92.55,92.54,92.44,92.09,91.24,90.85,90.75,90.37,89.85,89.81,89.39,89.24,89.4,89.3,89.45,89.5,89.32,89.12,89.32,88.94,88.69,88.78,88.35,88.54,88.92,88.47,87.87,88.05,87.4,86.71,86.79,86.35,86.91,87.24,87.1,87.06,87.45,87.45,87.83,87.94,87.61,87.86,88.56,88.29,88.52,88.22,88.25,88.75,88.53,88.9,88.65,88.61,88.82,88.85,89.13,89.83,89.47,89.12,89.17,88.44,88.34,88.32,88.31,89.04,88.0,86.69,85.74,85.07,84.74,84.65,84.24,84.34,84.52,84.25,84.21,83.73,83.52,83.45,82.88,82.76,82.7,82.62,82.29,81.92,82.15,82.41,82.51,82.54,82.61,82.8,82.9,82.45,82.35,82.79,82.9,82.95,84.23,83.64,81.91,81.46,81.21,80.97,80.63,80.1,80.14,79.83,79.65,79.35,79.18,79.4,79.1,79.05
Netherlands,104.82,104.44,104.6,104.94,105.18,104.9,105.47,105.51,105.72,105.39,105.51,105.73,105.47,105.48,104.78,104.07,104.53,102.86,101.5,101.66,101.89,102.27,102.7,103.11,103.2,103.16,102.77,102.89,102.69,102.8,102.4,102.54,102.32,102.28,101.82,102.04,102.43,102.41,101.46,100.97,101.04,100.17,99.91,99.85,99.72,98.91,97.97,97.46,97.21,97.42,98.43,98.2,98.1,98.77,99.28,99.16,99.35,99.39,99.84,100.33,100.38,100.58,100.9,101.26,101.01,100.74,100.89,101.28,101.55,100.85,101.25,101.4,101.55,100.53,99.96,99.14,99.09,99.32,97.52,97.84,98.11,98.08,98.38,98.38,98.83,98.41,98.78,98.5,98.15,98.24,98.44,98.81,99.14,99.08,99.51,100.05,99.49,99.31,98.63,98.68,99.36,99.4,99.36,99.14,98.76,98.61,98.6,98.77,98.78,98.0,97.11,96.62,95.52,95.72,95.51,95.86,95.67,96.22,96.43,96.51,96.4,96.15,96.26,96.46,96.33,96.01,96.54,95.89,95.17,94.22,95.76,95.99,95.26,93.92,94.42,93.84,92.81,93.35,94.89,95.84,97.68,97.31,97.26,97.57,98.4,98.79,99.05,99.51,99.9,100.06,99.49,99.34,99.41,98.62,98.68,98.22,98.25,97.57,97.55,96.66,96.58,96.45,97.33,96.75,96.01,95.2,95.48,95.2,94.09,94.06,95.07,95.42,96.11,96.25,96.07,95.72,96.8,97.7,97.98,97.86,98.57,98.4,98.88,98.75,99.15,98.27,97.41,96.77,96.77,97.89,98.53,96.7,96.5,96.63,95.5,96.55,98.43,99.16,99.64,101.07,102.18,102.78,102.78,102.35,101.77,101.65,101.68,101.02,100.64,100.97,99.8,100.39,100.47,98.09,98.71,100.33,101.15,102.53,102.33,102.37,102.74,102.17,100.67,100.8,100.64,100.78,99.93,99.5,99.0,99.08,98.73,98.98,99.07,98.61,98.22,98.08,98.56,97.98,97.61,97.96,98.11,98.05,97.99,97.81,96.83,96.27,95.94,96.44,96.11,96.08,96.59,96.93,97.15,96.8,96.79,98.22,98.89,99.38,98.92,99.37,100.14,99.48,98.7,98.09,97.95,98.04,97.78,97.68,97.13,98.01,98.99,99.04,98.45,96.94,96.93,95.91,95.98,96.57,97.32,97.15,95.27,95.18,94.87,94.19,92.88,92.34,91.92,91.68,91.52,91.8,90.86,89.55,88.57,88.36,88.28,88.69,88.88,88.56,89.29,89.21,88.84,87.5,86.98,87.6,88.46,88.72,88.64,89.14,87.24,85.54,85.16,85.65,86.59,87.91,88.12,86.47,87.34,88.05,88.83,89.52,89.48,90.43,91.69,91.13,91.73,91.08,91.14,92.1,92.4,93.05,93.79,94.66,94.91,94.53,95.44,94.73,92.79,92.11,92.11,91.9,90.68,90.38,90.81,91.29,90.88,90.55,89.89,89.04,87.69,87.82,89.15,89.91,89.9,90.16,90.47,91.34,92.39,93.3,93.2,93.96,94.57,93.81,93.35,93.36,94.11,94.82,95.17,95.17,95.55,96.01,96.07,94.67,94.69,95.86,95.66,95.66,96.54,96.17,93.27,92.27,91.17,91.25,91.48,90.81,90.61,90.39,89.29,88.44,87.44,87.23,86.14,86.07
Portugal,104.64,104.46,104.48,104.61,104.69,104.59,104.76,104.75,104.82,104.64,104.67,104.74,104.63,104.6,104.31,104.01,104.18,103.46,102.86,102.93,103.01,103.12,103.28,103.41,103.43,103.36,103.17,103.19,103.12,103.14,102.89,102.92,102.79,102.82,102.65,102.73,102.85,102.8,102.26,101.84,101.89,101.56,101.46,101.44,101.41,101.08,100.72,100.44,100.29,100.35,100.69,100.46,100.27,100.6,100.63,100.58,100.71,100.39,100.36,100.41,100.4,100.51,100.62,100.77,100.7,100.51,100.39,100.62,100.76,100.55,100.74,100.71,100.69,100.22,99.99,99.71,99.66,99.54,98.66,98.76,98.86,98.84,98.99,99.01,99.23,98.97,99.18,99.08,98.85,98.84,98.91,99.11,99.27,99.22,99.52,99.91,99.55,99.28,98.93,98.89,99.1,99.09,99.01,98.87,98.69,98.62,98.56,98.58,98.59,98.17,97.73,97.46,96.92,97.04,96.93,97.16,97.0,97.29,97.39,97.38,97.32,97.2,97.19,97.28,97.2,97.03,97.29,96.92,96.47,95.95,96.76,96.89,96.42,95.71,95.97,95.7,95.17,95.39,96.07,96.5,97.46,97.32,97.34,97.47,97.87,98.02,98.15,98.36,98.58,98.71,98.46,98.39,98.37,98.05,98.07,97.89,97.9,97.56,97.54,97.05,97.01,96.97,97.35,97.09,96.78,96.43,96.55,96.42,95.91,95.9,96.38,96.5,96.76,96.79,96.71,96.64,97.15,97.53,97.65,97.54,97.72,97.59,97.79,97.73,97.88,97.54,97.14,96.84,96.84,97.3,97.56,96.81,96.73,96.81,96.35,96.8,97.49,97.85,98.05,98.59,99.09,99.32,99.33,99.15,98.87,98.9,98.93,98.73,98.68,98.96,98.44,98.66,98.67,97.53,97.6,97.94,98.14,98.69,98.66,98.72,98.9,98.64,97.97,98.01,97.87,97.86,97.48,97.33,97.13,97.12,97.01,97.13,97.18,97.03,96.83,96.77,96.97,96.75,96.61,96.76,96.8,96.83,96.82,96.66,96.25,96.01,95.83,96.08,95.93,95.91,96.13,96.24,96.38,96.24,96.18,96.85,97.14,97.37,97.16,97.4,97.72,97.51,97.24,97.0,96.92,96.95,96.88,96.89,96.59,96.95,97.38,97.42,97.24,96.62,96.62,96.22,96.27,96.5,96.8,96.76,96.0,96.0,95.82,95.48,94.9,94.66,94.53,94.39,94.33,94.44,93.98,93.31,92.79,92.72,92.69,92.83,92.94,92.84,93.25,93.2,93.02,92.31,92.05,92.33,92.76,92.86,92.77,92.93,92.0,91.2,90.98,91.27,91.68,92.3,92.44,91.62,91.96,92.31,92.68,92.99,93.01,93.49,94.07,93.8,94.13,93.83,93.8,94.21,94.35,94.7,95.08,95.38,95.43,95.33,95.73,95.37,94.76,94.46,94.4,94.36,93.64,93.58,93.81,94.01,93.95,93.86,93.78,93.69,93.28,93.63,94.48,95.14,95.57,95.79,95.8,96.44,96.21,96.54,96.61,96.14,96.21,95.51,95.0,94.99,95.61,95.61,95.53,95.75,95.26,95.75,95.7,95.52,95.97,95.88,95.67,95.89,96.77,97.18,95.6,95.02,94.41,94.68,94.58,94.6,94.52,93.63,91.91,91.62,91.78,91.17,91.79,91.66
Slovakia,102.31,102.33,102.37,102.58,102.91,103.18,103.0,103.11,103.26,103.06,103.19,103.28,103.32,103.39,103.18,102.98,103.44,102.36,101.67,102.02,102.15,102.31,102.3,102.16,102.3,102.35,101.94,101.81,102.09,102.12,101.77,101.51,101.16,101.22,101.44,101.56,101.37,101.02,100.28,100.12,100.23,100.08,99.93,100.07,100.53,100.4,100.51,99.87,99.46,99.56,99.83,99.51,98.99,99.8,99.01,98.98,99.68,99.72,99.81,99.8,99.78,100.01,99.8,100.15,100.37,100.51,100.05,100.44,100.59,100.42,101.24,101.09,100.59,100.4,100.17,100.26,100.26,99.69,97.6,97.68,97.97,97.97,98.23,98.36,98.55,98.02,98.24,98.22,97.82,97.78,97.94,98.14,98.38,98.41,98.68,98.95,98.6,98.49,97.93,97.76,97.92,97.94,97.83,97.68,97.65,97.57,97.67,97.86,97.83,97.37,96.88,96.69,96.17,96.36,96.26,96.6,96.6,96.84,96.75,96.86,96.81,96.86,97.06,97.18,96.86,96.72,97.26,96.82,96.12,95.31,96.29,96.57,96.07,95.02,95.32,94.76,93.94,94.56,95.81,96.67,97.67,97.27,97.16,97.32,97.95,98.0,98.08,98.44,98.79,99.02,98.55,98.31,98.25,97.61,97.28,97.15,97.27,96.9,96.97,96.15,96.25,96.07,96.44,96.07,95.49,95.09,95.27,95.16,94.44,94.74,95.68,95.75,95.85,95.78,95.87,96.22,96.97,97.52,97.42,96.99,96.86,96.46,96.75,96.67,96.9,96.64,95.99,95.65,96.11,96.52,96.8,95.95,95.91,96.29,95.72,95.98,96.49,97.1,97.81,98.7,99.62,99.85,99.87,99.57,99.35,99.53,100.06,99.58,99.78,100.81,100.5,99.46,98.28,95.67,95.23,95.54,95.3,95.76,96.3,93.27,90.82,90.4,87.9,86.91,87.11,87.8,86.55,86.01,86.48,87.22,85.49,86.15,86.77,85.85,84.08,83.26,82.86,80.64,78.73,77.55,77.19,75.88,76.44,77.11,77.24,76.8,76.61,76.74,76.02,74.59,74.4,75.22,74.97,74.66,75.29,75.07,74.83,76.7,77.01,76.37,76.23,74.99,74.04,73.82,73.71,74.13,74.11,73.78,73.78,73.7,73.8,73.41,72.41,71.86,71.46,70.83,70.02,70.41,71.02,71.47,71.12,69.93,69.32,69.6,68.87,68.94,68.44,66.46,65.07,64.09,64.03,65.61,67.19,67.02,66.64,66.35,65.63,65.73,65.35,65.63,66.11,66.36,65.87,65.65,65.54,65.28,65.3,65.55,65.26,65.64,64.63,65.63,66.7,67.16,67.52,66.71,68.72,68.58,67.85,67.96,67.61,66.83,66.51,66.11,64.92,64.02,63.55,63.33,64.92,65.7,67.75,67.9,68.18,68.11,67.07,71.57,72.17,72.58,73.15,73.55,73.48,73.54,73.08,73.78,73.48,73.38,73.52,73.09,73.7,73.28,72.55,71.83,71.39,70.85,70.5,68.96,68.62,68.58,68.66,68.79,68.78,68.86,69.05,69.37,69.67,69.43,69.23,69.2,68.88,68.53,68.33,68.3,68.21,67.79,67.9,68.24,68.44,68.36,68.0,67.8,67.56,67.0,66.61,66.22,66.06,65.75,66.1,66.15,66.32,66.01,65.76,65.51
Slovenia,104.49,104.06,104.0,104.07,104.34,104.03,104.33,104.63,104.84,104.54,104.63,104.87,104.82,104.68,104.44,103.99,104.24,103.56,102.43,102.49,102.47,102.63,102.87,103.09,103.17,103.52,103.16,103.55,103.38,103.25,102.51,102.33,102.26,102.62,102.25,102.44,102.58,102.66,101.99,101.26,101.44,101.08,100.9,100.99,100.89,100.46,99.93,99.2,99.1,99.46,100.59,100.45,99.87,100.38,100.67,100.47,100.66,100.33,100.53,100.81,100.64,100.98,101.24,101.47,101.47,101.27,100.7,100.9,101.16,100.86,101.07,101.12,101.01,100.3,100.01,99.41,99.32,99.19,98.12,98.41,98.83,98.76,98.95,98.89,99.09,98.82,99.14,99.17,98.82,98.74,98.8,99.02,99.13,99.18,99.64,100.07,99.61,99.11,98.6,98.54,98.78,98.63,98.48,98.33,98.24,98.18,98.05,98.03,97.97,97.47,96.89,96.68,96.08,96.18,96.1,96.46,96.29,96.51,96.43,96.54,96.49,96.45,96.66,96.81,96.55,96.5,97.02,96.63,96.0,95.24,96.12,96.41,95.9,94.87,95.08,94.57,93.92,94.45,95.48,96.06,97.02,96.56,96.44,96.49,96.93,97.03,97.08,97.38,97.71,97.96,97.59,97.37,97.2,96.77,96.74,96.57,96.55,96.14,96.18,95.49,95.53,95.43,95.79,95.54,95.21,94.86,95.05,94.97,94.4,94.47,95.11,95.16,95.31,95.3,95.25,95.3,95.85,96.25,96.31,96.08,96.13,95.79,95.96,95.86,96.07,95.83,95.41,95.09,95.21,95.65,95.83,94.99,94.98,95.08,94.57,94.85,95.4,95.79,96.16,96.74,97.35,97.54,97.47,97.35,97.12,97.16,97.31,97.04,97.04,97.53,97.07,96.73,96.09,94.79,94.72,94.73,94.9,95.52,95.73,96.01,96.24,96.14,95.45,95.52,95.33,95.38,95.11,95.11,95.01,94.93,94.97,95.01,95.06,95.02,94.92,94.88,94.96,94.9,95.03,95.27,95.23,95.32,95.34,95.12,94.86,94.7,94.51,94.74,94.71,94.78,94.91,94.93,94.99,94.93,94.91,95.4,95.53,95.55,95.44,95.7,95.97,95.88,95.61,95.35,95.26,95.33,95.49,95.77,95.74,96.17,96.92,97.01,97.07,96.68,96.8,96.51,96.59,97.05,97.63,97.77,97.41,97.71,97.68,97.61,97.25,97.27,97.48,97.66,98.06,98.42,98.13,97.84,97.67,98.02,98.38,99.89,100.1,99.8,100.15,100.44,100.32,99.79,99.96,100.56,101.58,101.87,102.06,102.7,102.55,101.86,102.43,103.01,103.71,104.61,105.37,105.68,106.56,107.4,108.58,109.68,110.45,111.63,112.15,112.03,111.79,111.47,112.31,113.77,114.97,116.09,116.26,117.07,117.67,118.28,119.38,118.48,116.5,116.39,117.19,117.06,115.89,114.94,115.05,115.26,115.05,114.65,114.56,115.15,116.3,117.94,118.75,118.48,118.4,118.42,118.8,118.91,119.21,119.96,120.54,122.46,123.1,121.78,120.93,120.67,121.05,121.79,122.88,124.89,127.6,130.53,133.09,134.18,135.95,137.62,137.98,138.26,139.55,138.01,133.3,132.13,131.42,132.08,132.52,132.08,132.4,131.96,130.94,130.59,130.47,131.6,131.56,132.66
Spain,107.02,106.64,106.75,107.06,107.24,107.0,107.45,107.46,107.62,107.33,107.43,107.62,107.43,107.41,106.89,106.28,106.55,105.17,103.98,104.01,104.16,104.42,104.8,105.17,105.18,105.04,104.7,104.8,104.66,104.79,104.32,104.38,104.19,104.2,103.76,103.91,104.19,104.2,103.25,102.48,102.53,101.87,101.69,101.69,101.67,101.03,100.21,99.71,99.48,99.56,100.39,100.07,99.68,100.16,100.49,100.35,100.55,100.11,100.19,100.43,100.42,100.63,100.94,101.18,100.99,100.67,100.58,100.98,101.32,100.84,101.18,101.22,101.3,100.45,100.04,99.37,99.3,99.19,97.76,98.04,98.28,98.21,98.44,98.41,98.72,98.32,98.7,98.53,98.15,98.14,98.23,98.57,98.82,98.79,99.29,99.87,99.24,98.78,98.18,98.11,98.51,98.5,98.4,98.21,97.88,97.76,97.66,97.69,97.68,97.02,96.27,95.9,95.01,95.16,95.0,95.33,95.04,95.44,95.57,95.63,95.54,95.33,95.4,95.54,95.37,95.06,95.46,94.87,94.19,93.34,94.65,94.86,94.17,93.04,93.48,93.03,92.12,92.47,93.63,94.33,95.93,95.69,95.8,96.08,96.77,97.06,97.27,97.62,97.95,98.14,97.67,97.52,97.46,96.87,96.92,96.56,96.53,95.92,95.92,95.1,95.04,94.98,95.66,95.25,94.72,94.12,94.35,94.14,93.24,93.19,93.95,94.22,94.71,94.77,94.64,94.46,95.33,96.01,96.22,96.06,96.51,96.27,96.61,96.52,96.78,96.17,95.49,94.93,94.87,95.67,96.14,94.83,94.68,94.76,93.92,94.69,95.99,96.57,96.9,97.87,98.72,99.17,99.15,98.82,98.32,98.26,98.3,97.87,97.63,98.01,97.15,97.56,97.61,95.77,96.07,96.9,97.4,98.46,98.39,98.52,98.87,98.45,97.29,97.38,97.21,97.25,96.69,96.42,96.11,96.11,95.92,96.12,96.2,95.96,95.66,95.57,95.88,95.54,95.33,95.58,95.66,95.7,95.69,95.44,94.78,94.39,94.11,94.46,94.23,94.22,94.55,94.73,94.9,94.71,94.67,95.67,96.1,96.42,96.1,96.46,96.96,96.62,96.17,95.79,95.66,95.69,95.57,95.56,95.11,95.64,96.27,96.35,96.07,95.13,95.13,94.47,94.53,94.88,95.37,95.32,94.18,94.17,93.93,93.48,92.6,92.25,92.03,91.85,91.76,91.94,91.27,90.29,89.53,89.4,89.32,89.46,89.63,89.49,90.03,89.96,89.66,88.72,88.37,88.77,89.33,89.44,89.32,89.54,88.3,87.2,86.93,87.3,87.89,88.74,88.93,87.81,88.33,88.78,89.28,89.74,89.74,90.35,91.16,90.77,91.13,90.67,90.66,91.22,91.41,91.86,92.37,92.84,92.87,92.78,93.45,92.95,91.78,91.35,91.35,91.19,90.33,90.28,90.61,90.75,90.71,90.63,90.24,89.69,88.67,88.94,89.8,90.38,90.35,90.23,90.42,91.72,92.22,92.97,92.86,93.43,93.48,93.2,92.82,93.71,94.5,94.41,94.73,94.7,94.38,93.9,93.33,92.71,93.29,93.68,92.92,92.25,90.63,89.01,90.41,89.84,91.22,92.13,92.45,92.08,92.07,92.35,91.3,90.72,90.97,90.02,89.55,88.5
""
